N,run,C,k
10,1,1.4161930107742347,20
10,2,1.4220862226692765,20
10,3,1.4189802252246655,20
10,4,1.426922676644983,20
10,5,1.4268305766026201,20
10,6,1.4331858659244296,20
10,7,1.4227142908294443,20
10,8,1.4200829300711453,20
10,9,1.421527164748967,20
10,10,1.4326881120400388,20
10,11,1.4212459858711293,20
10,12,1.4126056234643578,20
10,13,1.4333139455366777,20
10,14,1.4213213983437287,20
10,15,1.4321695535495143,20
10,16,1.428516052311816,20
10,17,1.4333702836079893,20
10,18,1.421845705092118,20
10,19,1.4279769220793919,20
10,20,1.40224938811111,20
10,21,1.421414982716649,20
10,22,1.4188214516068214,20
10,23,1.419482533724848,20
10,24,1.4197172516742027,20
10,25,1.4231790843841814,20
10,26,1.4092522981716233,20
10,27,1.4265981364019011,20
10,28,1.43478159685051,20
10,29,1.4127327674034182,20
10,30,1.421846657332616,20
10,31,1.413081388839206,20
10,32,1.4063200978399035,20
10,33,1.4217846536385403,20
10,34,1.4089445204078561,20
10,35,1.4127108831240738,20
10,36,1.4274811751210956,20
10,37,1.4225166095965451,20
10,38,1.412350239220539,20
10,39,1.4201512944017756,20
10,40,1.4205880215713695,20
10,41,1.4098495961538595,20
10,42,1.4136102151130443,20
10,43,1.4223717774719178,20
10,44,1.432721076422445,20
10,45,1.407737652943464,20
10,46,1.4287788747105772,20
10,47,1.415014748507891,20
10,48,1.4067847917499043,20
10,49,1.4252462407685644,20
10,50,1.4241108383876369,20
10,51,1.4180726362199012,20
10,52,1.4209101759690566,20
10,53,1.4207404453623502,20
10,54,1.4305929821414096,20
10,55,1.419025595468188,20
10,56,1.424060438791066,20
10,57,1.418249365367189,20
10,58,1.4228103158582692,20
10,59,1.431091522954271,20
10,60,1.4232889486516058,20
10,61,1.4223817721659249,20
10,62,1.4139913665900028,20
10,63,1.4210853782949222,20
10,64,1.4149065277107782,20
10,65,1.426937777128206,20
10,66,1.417985733948679,20
10,67,1.4257244378180096,20
10,68,1.4185702216739335,20
10,69,1.4248616433331847,20
10,70,1.4247906611439227,20
10,71,1.4106321917250964,20
10,72,1.4257762178804572,20
10,73,1.427085593683108,20
10,74,1.4143588577433865,20
10,75,1.4139551808573152,20
10,76,1.4097334751201016,20
10,77,1.413551987549602,20
10,78,1.4053883439669728,20
10,79,1.414871291631502,20
10,80,1.413988961773262,20
10,81,1.4080164765396799,20
10,82,1.4050810490666008,20
10,83,1.4156297453531208,20
10,84,1.417780217510774,20
10,85,1.416137921129717,20
10,86,1.4094312614535516,20
10,87,1.4251400932062248,20
10,88,1.4287329312215524,20
10,89,1.4197690048997156,20
10,90,1.4327081575568683,20
10,91,1.4326645611223519,20
10,92,1.4209856286082796,20
10,93,1.4283114486572168,20
10,94,1.4172524504695836,20
10,95,1.4134016847890303,20
10,96,1.424949570244588,20
10,97,1.4303501048940186,20
10,98,1.4222498698626658,20
10,99,1.4110234904083903,20
10,100,1.4117591778379888,20
15,1,1.3957736269849828,20
15,2,1.3975813976461595,20
15,3,1.3968047109886168,20
15,4,1.4060771685961164,20
15,5,1.3995736171342235,20
15,6,1.4033754164870398,20
15,7,1.401812080348653,20
15,8,1.390616792557461,20
15,9,1.398458546448728,20
15,10,1.3983425604824442,20
15,11,1.3984209371135108,20
15,12,1.4203735916789977,20
15,13,1.3978961574144342,20
15,14,1.4133767415049474,20
15,15,1.3929849844514697,20
15,16,1.3956372008864424,20
15,17,1.3893951295996045,20
15,18,1.4195342477667288,20
15,19,1.4054434125293929,20
15,20,1.4163619174458657,20
15,21,1.4014632944022984,20
15,22,1.4045160559301837,20
15,23,1.4042683039602577,20
15,24,1.402079415728742,20
15,25,1.4041407578874596,20
15,26,1.3914462172593098,20
15,27,1.3982052272364118,20
15,28,1.4005147455951579,20
15,29,1.409503630922112,20
15,30,1.3958758391216848,20
15,31,1.4280600635887746,20
15,32,1.4077199324463834,20
15,33,1.398935951172748,20
15,34,1.3992634909675932,20
15,35,1.3922111124815237,20
15,36,1.4067048870507217,20
15,37,1.408003316447047,20
15,38,1.4109469261564953,20
15,39,1.3930768009814045,20
15,40,1.4015456455531705,20
15,41,1.4021961353858294,20
15,42,1.395437796660448,20
15,43,1.3946803735013744,20
15,44,1.4078535776509413,20
15,45,1.4050654453898384,20
15,46,1.415613171180432,20
15,47,1.4102376675909132,20
15,48,1.3861377259880585,20
15,49,1.4056437523244671,20
15,50,1.3923981925957645,20
15,51,1.3949345574792817,20
15,52,1.4115216039481897,20
15,53,1.397200782988162,20
15,54,1.393683834200348,20
15,55,1.4044248547707154,20
15,56,1.4014409377927206,20
15,57,1.3878929017780441,20
15,58,1.393118081935914,20
15,59,1.3991289657308568,20
15,60,1.4310555050398948,20
15,61,1.4125503007684705,20
15,62,1.3845287592080782,20
15,63,1.3923745805360859,20
15,64,1.3882570427950256,20
15,65,1.3879678951746575,20
15,66,1.402262379768062,20
15,67,1.3910020082151666,20
15,68,1.3920997188543491,20
15,69,1.384664517211712,20
15,70,1.4010145432998278,20
15,71,1.4030856383280539,20
15,72,1.4163511974858936,20
15,73,1.3968523920238214,20
15,74,1.4205748925415165,20
15,75,1.402318383360012,20
15,76,1.3942243706496853,20
15,77,1.394699859471424,20
15,78,1.3862376463632777,20
15,79,1.4061405977472823,20
15,80,1.39114106416827,20
15,81,1.405683175169475,20
15,82,1.419642814682901,20
15,83,1.3896872921658125,20
15,84,1.3957378233893079,20
15,85,1.3994345478863062,20
15,86,1.3969378747405048,20
15,87,1.3968817912339517,20
15,88,1.4084808859035705,20
15,89,1.3926409854342383,20
15,90,1.396695239568867,20
15,91,1.395152323725643,20
15,92,1.4094232569927139,20
15,93,1.4074413843661147,20
15,94,1.4009220001450984,20
15,95,1.4042220204327938,20
15,96,1.3886380465174424,20
15,97,1.3979264590284475,20
15,98,1.399507985504447,20
15,99,1.3983809539574283,20
15,100,1.3958091822746603,20
20,1,1.4030794667145392,20
20,2,1.4039959477286414,20
20,3,1.4080677991784667,20
20,4,1.4044417847048483,20
20,5,1.4037634337762503,20
20,6,1.4003490015731592,20
20,7,1.4052203474261542,20
20,8,1.409259842243421,20
20,9,1.4086504953502428,20
20,10,1.3999857778247895,20
20,11,1.3959690065586088,20
20,12,1.3996331081647524,20
20,13,1.3984064262587332,20
20,14,1.4069350093668682,20
20,15,1.3966506361801245,20
20,16,1.3953597189291493,20
20,17,1.4021384760998707,20
20,18,1.3969155223314094,20
20,19,1.4040245710138382,20
20,20,1.3941041916367418,20
20,21,1.396081683936281,20
20,22,1.4031308062851884,20
20,23,1.3949270792068482,20
20,24,1.392968476411614,20
20,25,1.4015390968428354,20
20,26,1.404522917174823,20
20,27,1.3882225669679522,20
20,28,1.3875513125813397,20
20,29,1.4030189671515156,20
20,30,1.3968307929751513,20
20,31,1.4049271015766323,20
20,32,1.399267701357454,20
20,33,1.4024445227911668,20
20,34,1.3994291947415904,20
20,35,1.3843241908480552,20
20,36,1.394954964440283,20
20,37,1.4000752520348407,20
20,38,1.3868635389293575,20
20,39,1.4054049354810063,20
20,40,1.402535646920711,20
20,41,1.3955765513375755,20
20,42,1.399100859276028,20
20,43,1.3959463922347515,20
20,44,1.3838339528361634,20
20,45,1.3972027768230049,20
20,46,1.402497202779882,20
20,47,1.3891569954586809,20
20,48,1.4036190882845305,20
20,49,1.4005745999982493,20
20,50,1.4018932393675088,20
20,51,1.4083296242541223,20
20,52,1.3975743135078682,20
20,53,1.4035873921943878,20
20,54,1.3980158830890443,20
20,55,1.4009669692197555,20
20,56,1.3917660244890475,20
20,57,1.4034401106703633,20
20,58,1.409423955147882,20
20,59,1.4014118615869442,20
20,60,1.396985318100631,20
20,61,1.3974524525747511,20
20,62,1.3971540524242456,20
20,63,1.404994940267499,20
20,64,1.3962447728796819,20
20,65,1.4056633859253775,20
20,66,1.397261793639441,20
20,67,1.4146249905349741,20
20,68,1.3986113494882184,20
20,69,1.3991891886424037,20
20,70,1.4034302470052487,20
20,71,1.4005151691621953,20
20,72,1.3881273333121076,20
20,73,1.3925012302964577,20
20,74,1.4065662677259794,20
20,75,1.3990203838910265,20
20,76,1.388576718816045,20
20,77,1.3916595500844502,20
20,78,1.4036530774058584,20
20,79,1.4102493928849855,20
20,80,1.395023967759811,20
20,81,1.3976149981001305,20
20,82,1.3989813946074772,20
20,83,1.3968887185883212,20
20,84,1.3911730045077877,20
20,85,1.3965318075933486,20
20,86,1.4010940408172288,20
20,87,1.397431256203225,20
20,88,1.39154373476801,20
20,89,1.3922420612564512,20
20,90,1.3978381870143257,20
20,91,1.3929269980702492,20
20,92,1.3986775976629662,20
20,93,1.3975903812431125,20
20,94,1.4132453222232264,20
20,95,1.3862211254056958,20
20,96,1.3989727520344188,20
20,97,1.4066032440651146,20
20,98,1.3931826971028838,20
20,99,1.4012572734011761,20
20,100,1.4024628541118334,20
25,1,1.396303663023188,20
25,2,1.3961559755249242,20
25,3,1.4194718244317908,20
25,4,1.4105421126746212,20
25,5,1.3937931950523172,20
25,6,1.3971665551953534,20
25,7,1.4121671829850313,20
25,8,1.4006426578068183,20
25,9,1.3979044336488065,20
25,10,1.4148917637060858,20
25,11,1.40719737558827,20
25,12,1.411817222533016,20
25,13,1.41188374957441,20
25,14,1.4116288948836944,20
25,15,1.414271945147249,20
25,16,1.40436978251681,20
25,17,1.3972134045073359,20
25,18,1.408791531639143,20
25,19,1.4194959703048562,20
25,20,1.4086413510677551,20
25,21,1.4095568373121363,20
25,22,1.4010902202787046,20
25,23,1.4132668388742953,20
25,24,1.409893506882457,20
25,25,1.405012860803303,20
25,26,1.3915620541997185,20
25,27,1.41206611955484,20
25,28,1.393609382629721,20
25,29,1.4094505491536329,20
25,30,1.4077782605722289,20
25,31,1.407688146378379,20
25,32,1.403517054517651,20
25,33,1.4059658440344613,20
25,34,1.3929950128550912,20
25,35,1.4092512699857913,20
25,36,1.4014152494153165,20
25,37,1.3960844805162456,20
25,38,1.4102268157680007,20
25,39,1.3935806543467406,20
25,40,1.4131635619117167,20
25,41,1.4118142725028988,20
25,42,1.3910255180798612,20
25,43,1.4126169914489513,20
25,44,1.4145439019329384,20
25,45,1.4212094519752994,20
25,46,1.3963061610466239,20
25,47,1.4067254040507673,20
25,48,1.4072254790650875,20
25,49,1.4006786129520976,20
25,50,1.3951810556128152,20
25,51,1.4104660551254187,20
25,52,1.4176406417048937,20
25,53,1.3965642815986348,20
25,54,1.4196740799783085,20
25,55,1.3900900850290268,20
25,56,1.4005712777641588,20
25,57,1.4195981651102116,20
25,58,1.4038877779991834,20
25,59,1.41023975968859,20
25,60,1.414765805052664,20
25,61,1.4112064458438964,20
25,62,1.4081727182087864,20
25,63,1.3927277448497402,20
25,64,1.4092171859529175,20
25,65,1.3979593235951582,20
25,66,1.412654497153043,20
25,67,1.4022494538937225,20
25,68,1.4166056032294996,20
25,69,1.4107658085510815,20
25,70,1.410322499567241,20
25,71,1.416509165208193,20
25,72,1.4056558227149587,20
25,73,1.404944404337536,20
25,74,1.4127851123083255,20
25,75,1.3998120698230585,20
25,76,1.4145876265941064,20
25,77,1.403616497803942,20
25,78,1.4039679597715466,20
25,79,1.3987690890803948,20
25,80,1.3973702488531554,20
25,81,1.416241422394224,20
25,82,1.3977035079276174,20
25,83,1.3990237047697138,20
25,84,1.4144561014531736,20
25,85,1.4140237615273294,20
25,86,1.4144495763346647,20
25,87,1.413065754094933,20
25,88,1.4179232433285074,20
25,89,1.4052964230197778,20
25,90,1.3986014122039814,20
25,91,1.412528230116129,20
25,92,1.409361629675512,20
25,93,1.3950834483175383,20
25,94,1.4166611585299922,20
25,95,1.4026096864523516,20
25,96,1.4151241604597473,20
25,97,1.4067157366685126,20
25,98,1.3947117698239886,20
25,99,1.416157239461678,20
25,100,1.4009632276579411,20
30,1,1.422231583688571,20
30,2,1.4099145890655151,20
30,3,1.4148721450071178,20
30,4,1.418013645566702,20
30,5,1.4173223585852686,20
30,6,1.4221292549655848,20
30,7,1.414153596718989,20
30,8,1.4156327280587269,20
30,9,1.4148146400986168,20
30,10,1.3983646836309191,20
30,11,1.397245346453862,20
30,12,1.416560655873566,20
30,13,1.3952306865877167,20
30,14,1.415094920051163,20
30,15,1.4095678187789413,20
30,16,1.4037492100508884,20
30,17,1.4152778069430363,20
30,18,1.4131977472785284,20
30,19,1.3915518460286744,20
30,20,1.415148755700876,20
30,21,1.4149633008413527,20
30,22,1.4137631619108493,20
30,23,1.4118268147483437,20
30,24,1.4138067966204153,20
30,25,1.4160902093583674,20
30,26,1.3925287271464095,20
30,27,1.419421343863594,20
30,28,1.4198805967215442,20
30,29,1.4147192375366668,20
30,30,1.4146760181918907,20
30,31,1.416145416886849,20
30,32,1.4178500900696047,20
30,33,1.4133808812564221,20
30,34,1.41726354330635,20
30,35,1.4093349047889878,20
30,36,1.4187651194896633,20
30,37,1.40117228033725,20
30,38,1.3946773318120516,20
30,39,1.4152125944542835,20
30,40,1.4126195571558118,20
30,41,1.4173802440078271,20
30,42,1.3999396578831746,20
30,43,1.4142162040119854,20
30,44,1.4178500353648744,20
30,45,1.4145357786139572,20
30,46,1.3940854466441193,20
30,47,1.422239167526067,20
30,48,1.4000287524508401,20
30,49,1.4134913238647093,20
30,50,1.4199582964649349,20
30,51,1.4205238854136488,20
30,52,1.4060581021895675,20
30,53,1.4137332302802945,20
30,54,1.4154719772394222,20
30,55,1.415381863017678,20
30,56,1.3931921156199827,20
30,57,1.4112170784280176,20
30,58,1.3913747446464937,20
30,59,1.4147517916472245,20
30,60,1.4159931022835552,20
30,61,1.4158922116862136,20
30,62,1.4217290113770162,20
30,63,1.4171062317033714,20
30,64,1.414799783627924,20
30,65,1.41608830625001,20
30,66,1.392796306346747,20
30,67,1.397310346539898,20
30,68,1.421522888535726,20
30,69,1.4131115726848553,20
30,70,1.4191707165901952,20
30,71,1.4142705879180628,20
30,72,1.4183357688677476,20
30,73,1.416318067584628,20
30,74,1.4169455313057377,20
30,75,1.415426503420506,20
30,76,1.4017357027817727,20
30,77,1.4194943222714482,20
30,78,1.3988641883054291,20
30,79,1.4145989498314342,20
30,80,1.4129025382603366,20
30,81,1.3989715962901081,20
30,82,1.4158687989072567,20
30,83,1.4037865008355206,20
30,84,1.413616493403374,20
30,85,1.4064880653331038,20
30,86,1.3998957523036748,20
30,87,1.414665120254416,20
30,88,1.4203209562411983,20
30,89,1.4059986456006723,20
30,90,1.4161884319217433,20
30,91,1.3992196406382025,20
30,92,1.4122333769184878,20
30,93,1.4012945164357944,20
30,94,1.4140707956138907,20
30,95,1.4195600718506478,20
30,96,1.4190589072241298,20
30,97,1.4154530233628924,20
30,98,1.4139654677923672,20
30,99,1.405712763384759,20
30,100,1.4139985982740717,20
35,1,1.4217501225226268,20
35,2,1.415275152019964,20
35,3,1.4198332363469033,20
35,4,1.4207682341995174,20
35,5,1.4200772444801804,20
35,6,1.416067000001293,20
35,7,1.417145558254738,20
35,8,1.4178229717190272,20
35,9,1.4206184122319314,20
35,10,1.4200745651203979,20
35,11,1.4184983637019193,20
35,12,1.4181225515159432,20
35,13,1.4174971703305543,20
35,14,1.4172962161831753,20
35,15,1.4216980930242258,20
35,16,1.413527788194863,20
35,17,1.414096807300864,20
35,18,1.4169658648995886,20
35,19,1.4177007831385813,20
35,20,1.418689965680463,20
35,21,1.4191763226179268,20
35,22,1.4152914112325667,20
35,23,1.4158626020943756,20
35,24,1.4171340313440552,20
35,25,1.4188977065814263,20
35,26,1.420439306971932,20
35,27,1.4175518191585257,20
35,28,1.418065319640915,20
35,29,1.4167705565143869,20
35,30,1.4182794431280077,20
35,31,1.4175527955079072,20
35,32,1.4167739375905433,20
35,33,1.4206361760730417,20
35,34,1.4186268859525564,20
35,35,1.4177202058064653,20
35,36,1.4189948905053225,20
35,37,1.41442787194414,20
35,38,1.4215466148248606,20
35,39,1.4212924054967186,20
35,40,1.420466375104019,20
35,41,1.415884074815289,20
35,42,1.4199518786720058,20
35,43,1.4207559877660187,20
35,44,1.4163732781467393,20
35,45,1.4166778653138101,20
35,46,1.4182595509755858,20
35,47,1.4163066042656505,20
35,48,1.419972396449145,20
35,49,1.4191595047164676,20
35,50,1.4182748624403985,20
35,51,1.4191625736038072,20
35,52,1.4205472691799783,20
35,53,1.416294963425397,20
35,54,1.4164681447340035,20
35,55,1.419430475775524,20
35,56,1.4174635352452025,20
35,57,1.4221511110133471,20
35,58,1.4180920065845837,20
35,59,1.4149431785850997,20
35,60,1.4224624810330657,20
35,61,1.4184303404030163,20
35,62,1.4159367587100626,20
35,63,1.4173989552222648,20
35,64,1.4207030529109683,20
35,65,1.4178563523443255,20
35,66,1.4201335777490651,20
35,67,1.4181369248328957,20
35,68,1.419952229655461,20
35,69,1.4187156605940159,20
35,70,1.423081793926169,20
35,71,1.4133190251805894,20
35,72,1.420729639475394,20
35,73,1.4148415142978823,20
35,74,1.416103448735833,20
35,75,1.42334220633771,20
35,76,1.412381369863095,20
35,77,1.4220887467018055,20
35,78,1.4182250688299627,20
35,79,1.4176561229155706,20
35,80,1.4164787721692436,20
35,81,1.4217989715931763,20
35,82,1.4150071522429266,20
35,83,1.42217407049932,20
35,84,1.4187949194645928,20
35,85,1.4207611104558675,20
35,86,1.4175847373435186,20
35,87,1.4183343850002477,20
35,88,1.4146254091356414,20
35,89,1.4196226918283437,20
35,90,1.4170769850661407,20
35,91,1.4224249185168538,20
35,92,1.4162963022996646,20
35,93,1.423062678303449,20
35,94,1.418944463960227,20
35,95,1.4177982241138196,20
35,96,1.4202000729077127,20
35,97,1.420175711035902,20
35,98,1.4149845507682002,20
35,99,1.4181267888879194,20
35,100,1.4201107018899934,20
40,1,1.4026496164854023,20
40,2,1.4007025547192995,20
40,3,1.4206899099209525,20
40,4,1.417063035937668,20
40,5,1.4255702650889912,20
40,6,1.4228062969404593,20
40,7,1.421641463089995,20
40,8,1.419283016969652,20
40,9,1.4170608700017218,20
40,10,1.4169374464475206,20
40,11,1.4186787389572602,20
40,12,1.4184181161999732,20
40,13,1.4221333668662481,20
40,14,1.4162417664290072,20
40,15,1.4175538556889804,20
40,16,1.4186884139645843,20
40,17,1.418253125943545,20
40,18,1.419549883011116,20
40,19,1.4174855884223048,20
40,20,1.4197551432598035,20
40,21,1.4164684780692,20
40,22,1.4180758122179076,20
40,23,1.4167518368292316,20
40,24,1.4175411644389229,20
40,25,1.4203109699690586,20
40,26,1.425668693957553,20
40,27,1.4204019416798739,20
40,28,1.3936798738032,20
40,29,1.4216028207315963,20
40,30,1.418031619551492,20
40,31,1.4210030210112474,20
40,32,1.4197624266415747,20
40,33,1.4197268996481023,20
40,34,1.4176257546193614,20
40,35,1.414748286403059,20
40,36,1.417926375307543,20
40,37,1.4156233910337097,20
40,38,1.4151944129427245,20
40,39,1.4204199787843026,20
40,40,1.4175318392000553,20
40,41,1.4174462813464819,20
40,42,1.402548511662614,20
40,43,1.419503436628535,20
40,44,1.4230449562233112,20
40,45,1.4175912959868737,20
40,46,1.4191167103029128,20
40,47,1.421538807186283,20
40,48,1.4209499140014927,20
40,49,1.419575696153048,20
40,50,1.4233938522314016,20
40,51,1.4202637124498398,20
40,52,1.4191999748089712,20
40,53,1.418303616178723,20
40,54,1.4187355003037792,20
40,55,1.4202210242370237,20
40,56,1.420868854979991,20
40,57,1.4206752673394254,20
40,58,1.4171084771858848,20
40,59,1.4234598672756997,20
40,60,1.4245490394881823,20
40,61,1.4221136225817954,20
40,62,1.4176762327851262,20
40,63,1.3955607149783176,20
40,64,1.4032337254907903,20
40,65,1.4186378559627053,20
40,66,1.4195985199133347,20
40,67,1.420559079588409,20
40,68,1.4220509750213812,20
40,69,1.4199856600599623,20
40,70,1.418090940777193,20
40,71,1.42193459246465,20
40,72,1.4172756894924003,20
40,73,1.4203916938333179,20
40,74,1.4210770030440754,20
40,75,1.4175135787326911,20
40,76,1.4173101616502948,20
40,77,1.3959540282311567,20
40,78,1.4017740753498513,20
40,79,1.417739370989297,20
40,80,1.4209538564071211,20
40,81,1.4210289683098618,20
40,82,1.4214407621468506,20
40,83,1.4204367654136738,20
40,84,1.414932305023404,20
40,85,1.4167196655438028,20
40,86,1.4185068455344583,20
40,87,1.420746278597778,20
40,88,1.4218449567493283,20
40,89,1.4198658202465406,20
40,90,1.4194443752687456,20
40,91,1.4185689195140374,20
40,92,1.421164963905398,20
40,93,1.422563235087113,20
40,94,1.420684448948158,20
40,95,1.4169268100084274,20
40,96,1.41994733022981,20
40,97,1.420153158989891,20
40,98,1.4210459130806476,20
40,99,1.4176667994315846,20
40,100,1.419415103330632,20
45,1,1.4215148525129147,20
45,2,1.4209782852740207,20
45,3,1.4195847764754235,20
45,4,1.4196969001047801,20
45,5,1.4212970419629984,20
45,6,1.4177636450552604,20
45,7,1.422477913648908,20
45,8,1.418668553115053,20
45,9,1.4195423752369114,20
45,10,1.42327042074868,20
45,11,1.4227613581601646,20
45,12,1.421948817384343,20
45,13,1.4225206465888764,20
45,14,1.42094505476786,20
45,15,1.4237046494018901,20
45,16,1.4209305541123822,20
45,17,1.4182466032481993,20
45,18,1.4210761377816772,20
45,19,1.4197345174162113,20
45,20,1.420992426245583,20
45,21,1.4186548948185214,20
45,22,1.4211021153191832,20
45,23,1.4194220881130637,20
45,24,1.4184895941194542,20
45,25,1.4215943924698253,20
45,26,1.4206028499621877,20
45,27,1.4206048606745134,20
45,28,1.4184588081688747,20
45,29,1.4191234858910173,20
45,30,1.4197094398965926,20
45,31,1.4199460788502987,20
45,32,1.4192161481886778,20
45,33,1.422248360970347,20
45,34,1.420913661195375,20
45,35,1.4177507113951813,20
45,36,1.420913301352992,20
45,37,1.421705957236437,20
45,38,1.4197791292811566,20
45,39,1.4191051474013534,20
45,40,1.4201011796558336,20
45,41,1.421343284224282,20
45,42,1.4223366253758314,20
45,43,1.4199763834200352,20
45,44,1.4190910178456615,20
45,45,1.4201286403752267,20
45,46,1.4191078859380737,20
45,47,1.4187714695512739,20
45,48,1.4231594772804332,20
45,49,1.4186791933886909,20
45,50,1.4210132125764712,20
45,51,1.420683791518043,20
45,52,1.4201865033318832,20
45,53,1.418587987413497,20
45,54,1.4181717885167395,20
45,55,1.4197096821903945,20
45,56,1.422791920543279,20
45,57,1.4172455937040545,20
45,58,1.4193729171983815,20
45,59,1.4156764028297737,20
45,60,1.4197833841061158,20
45,61,1.4210258779130298,20
45,62,1.418862213745574,20
45,63,1.4182757727040016,20
45,64,1.4235890434115228,20
45,65,1.4219330201175397,20
45,66,1.4186854289970177,20
45,67,1.420677404430606,20
45,68,1.4186630941919791,20
45,69,1.419892234618471,20
45,70,1.4214018665630292,20
45,71,1.4199369006506,20
45,72,1.4223766341448834,20
45,73,1.4204219540781375,20
45,74,1.4203351028606572,20
45,75,1.4195285192396763,20
45,76,1.4224202036700853,20
45,77,1.421362449569729,20
45,78,1.4224826856270525,20
45,79,1.4198364963546168,20
45,80,1.419823548259007,20
45,81,1.421597193266019,20
45,82,1.417921141389048,20
45,83,1.4202508532424134,20
45,84,1.4169386555316608,20
45,85,1.4181245392111832,20
45,86,1.4242447358338202,20
45,87,1.4161713993736473,20
45,88,1.4226040891660794,20
45,89,1.4237075214542507,20
45,90,1.4179392815158762,20
45,91,1.4203749114933224,20
45,92,1.4194272771046446,20
45,93,1.4225075554514444,20
45,94,1.4175768887450066,20
45,95,1.4179218847071742,20
45,96,1.4182941698852851,20
45,97,1.421027192500165,20
45,98,1.4220457977828995,20
45,99,1.4212456347723805,20
45,100,1.4195400661537363,20
50,1,1.422337984067324,20
50,2,1.418660285254482,20
50,3,1.4226940247024067,20
50,4,1.4181335165398405,20
50,5,1.4203393057913603,20
50,6,1.422464241484424,20
50,7,1.4207862971489678,20
50,8,1.4223855189052264,20
50,9,1.4220415234350674,20
50,10,1.4200472631246224,20
50,11,1.4187609654475808,20
50,12,1.416224773828864,20
50,13,1.420897046936485,20
50,14,1.4202074585130142,20
50,15,1.421441778213574,20
50,16,1.4189510914536625,20
50,17,1.420931000302995,20
50,18,1.4208330640817248,20
50,19,1.4191158706859779,20
50,20,1.4195698748171584,20
50,21,1.4191104893733244,20
50,22,1.4226992738398672,20
50,23,1.4190316078568836,20
50,24,1.421273671522272,20
50,25,1.4186093901367498,20
50,26,1.4167622201984298,20
50,27,1.4217558012128244,20
50,28,1.4200171000089266,20
50,29,1.4184983626446206,20
50,30,1.4199184100791753,20
50,31,1.4227085995029516,20
50,32,1.420482285138176,20
50,33,1.421462894270367,20
50,34,1.4194284076247097,20
50,35,1.4215988151352805,20
50,36,1.4229354022419334,20
50,37,1.420073593671359,20
50,38,1.422540930638955,20
50,39,1.4212566807401896,20
50,40,1.421035935078669,20
50,41,1.4224282189884172,20
50,42,1.4210311024005664,20
50,43,1.419712492863912,20
50,44,1.4196612175011916,20
50,45,1.4198461454203026,20
50,46,1.4182404996723148,20
50,47,1.4217773215644507,20
50,48,1.4226488468789993,20
50,49,1.4199904835906685,20
50,50,1.420299825020072,20
50,51,1.4212332288362794,20
50,52,1.4225043506791404,20
50,53,1.4204627812645547,20
50,54,1.4194675319435979,20
50,55,1.4220921586634434,20
50,56,1.4208011291401228,20
50,57,1.421249537460211,20
50,58,1.4201844486005173,20
50,59,1.4170706926976921,20
50,60,1.4205269820465465,20
50,61,1.4208020701433643,20
50,62,1.4191696487651566,20
50,63,1.4229829290014622,20
50,64,1.4197583734210764,20
50,65,1.4202069440058027,20
50,66,1.420552913028657,20
50,67,1.4199053102814518,20
50,68,1.4212251994283194,20
50,69,1.4232417498808718,20
50,70,1.4215074519715993,20
50,71,1.4192713786874667,20
50,72,1.420956883810001,20
50,73,1.4195508423876968,20
50,74,1.4180279773443267,20
50,75,1.4185634283596864,20
50,76,1.4200110367606917,20
50,77,1.417729349816851,20
50,78,1.4224145246476554,20
50,79,1.415002421669403,20
50,80,1.4240201406486888,20
50,81,1.4181944591256492,20
50,82,1.4215901715236454,20
50,83,1.4195696625434264,20
50,84,1.4222329928340258,20
50,85,1.4195660040676372,20
50,86,1.4228921943777753,20
50,87,1.419229762466839,20
50,88,1.4215232779152804,20
50,89,1.42401437205125,20
50,90,1.4217963142998735,20
50,91,1.4213558779834676,20
50,92,1.420608825336871,20
50,93,1.4192008161029663,20
50,94,1.420403183252783,20
50,95,1.4227888903327564,20
50,96,1.423983453388174,20
50,97,1.4196575263311804,20
50,98,1.4204556939221624,20
50,99,1.420950204127871,20
50,100,1.4235434799281022,20
55,1,1.4232189206392145,20
55,2,1.4219637367461027,20
55,3,1.4212485925502047,20
55,4,1.42056931662987,20
55,5,1.4201997594278541,20
55,6,1.419726392849603,20
55,7,1.4223966052242594,20
55,8,1.4217541398925102,20
55,9,1.4221493124113522,20
55,10,1.4188886708204878,20
55,11,1.4215520194285904,20
55,12,1.4231390797110741,20
55,13,1.420779732405788,20
55,14,1.4199727657499188,20
55,15,1.4226935753533294,20
55,16,1.4208521069817954,20
55,17,1.421781143043153,20
55,18,1.420565188272308,20
55,19,1.4234564084769956,20
55,20,1.4209524972331766,20
55,21,1.4225826750929085,20
55,22,1.422326129091366,20
55,23,1.4217040037240625,20
55,24,1.422231077525993,20
55,25,1.4192628257518694,20
55,26,1.4234393536586205,20
55,27,1.4227601088749744,20
55,28,1.4208150935470205,20
55,29,1.4196705533561864,20
55,30,1.4223469771663189,20
55,31,1.4211715713914321,20
55,32,1.4216237600815955,20
55,33,1.4217396142456542,20
55,34,1.4238244188349967,20
55,35,1.4216154464572748,20
55,36,1.4202041065636422,20
55,37,1.4228305433081123,20
55,38,1.4198944142007257,20
55,39,1.4200619622604997,20
55,40,1.4204586048933436,20
55,41,1.4208825900370083,20
55,42,1.4212479003596805,20
55,43,1.4209759956993895,20
55,44,1.4198569363960623,20
55,45,1.4213946008026819,20
55,46,1.4219061842717273,20
55,47,1.420357793613005,20
55,48,1.4233163042616153,20
55,49,1.419709378727514,20
55,50,1.420527273047812,20
55,51,1.4220515266058742,20
55,52,1.424732870378878,20
55,53,1.4227153985401977,20
55,54,1.4227756042632578,20
55,55,1.4232703951297052,20
55,56,1.4211735872948188,20
55,57,1.4213286116964416,20
55,58,1.4223192131959315,20
55,59,1.4236654236294122,20
55,60,1.4201893713101075,20
55,61,1.421618248437788,20
55,62,1.4228590284095197,20
55,63,1.4235618213946934,20
55,64,1.4197604304247213,20
55,65,1.4203457257686503,20
55,66,1.4227237453586554,20
55,67,1.4235572982277873,20
55,68,1.4212303514229556,20
55,69,1.4213591710505173,20
55,70,1.4201129333485234,20
55,71,1.4226412341814878,20
55,72,1.4215167332251595,20
55,73,1.423750837789426,20
55,74,1.4207100037987643,20
55,75,1.4195939917431146,20
55,76,1.4210366449973482,20
55,77,1.4225003745783622,20
55,78,1.419093748368171,20
55,79,1.4225956015106214,20
55,80,1.4218639945756628,20
55,81,1.4209427358830484,20
55,82,1.4232819045850353,20
55,83,1.421034990085543,20
55,84,1.4208391212392566,20
55,85,1.4225404652988267,20
55,86,1.4216002870661617,20
55,87,1.4231646193951428,20
55,88,1.4226574043642661,20
55,89,1.4255712603445914,20
55,90,1.4219713043880182,20
55,91,1.41982139152096,20
55,92,1.423531224498298,20
55,93,1.420496404026109,20
55,94,1.4231242802950999,20
55,95,1.422712482646136,20
55,96,1.42333493733527,20
55,97,1.4212788123333262,20
55,98,1.4214202489593708,20
55,99,1.4219936607462957,20
55,100,1.4221365871117104,20
60,1,1.422780577254589,20
60,2,1.4230171138533234,20
60,3,1.4194390081398516,20
60,4,1.4207216462473868,20
60,5,1.4219059170661439,20
60,6,1.4226159686733677,20
60,7,1.4233793878538143,20
60,8,1.4223913768820127,20
60,9,1.422309516244326,20
60,10,1.4224789872883798,20
60,11,1.422313640272602,20
60,12,1.420929458215485,20
60,13,1.4234303236562318,20
60,14,1.423863491847338,20
60,15,1.4232410312243746,20
60,16,1.4236705412623116,20
60,17,1.4218298609992428,20
60,18,1.421061082055718,20
60,19,1.4200606749841351,20
60,20,1.4214930731522673,20
60,21,1.4237617649176686,20
60,22,1.4223560504684163,20
60,23,1.4226036155090438,20
60,24,1.419505651428042,20
60,25,1.4216138484803496,20
60,26,1.4204459683578508,20
60,27,1.4240121179116445,20
60,28,1.4235498904628674,20
60,29,1.4222402312780216,20
60,30,1.4227713237204258,20
60,31,1.4212490463356278,20
60,32,1.4236845141718073,20
60,33,1.4206644188111353,20
60,34,1.421554428085918,20
60,35,1.4232867497303057,20
60,36,1.4219649236625742,20
60,37,1.420640916960297,20
60,38,1.4215249763710096,20
60,39,1.4211535762481333,20
60,40,1.4231016911156584,20
60,41,1.4230688771655131,20
60,42,1.42315431334206,20
60,43,1.423029618207343,20
60,44,1.4219700464696248,20
60,45,1.4229067480610202,20
60,46,1.4225191558182468,20
60,47,1.4211668763787801,20
60,48,1.4207889558038282,20
60,49,1.420913198910626,20
60,50,1.423181707127474,20
60,51,1.424084757183361,20
60,52,1.4203904123180915,20
60,53,1.4216270815336818,20
60,54,1.4220036296858096,20
60,55,1.4231823592841224,20
60,56,1.4222241271127203,20
60,57,1.422545025852828,20
60,58,1.4225988953696642,20
60,59,1.4206963275462903,20
60,60,1.423152167475596,20
60,61,1.4222813489843285,20
60,62,1.4225552997639206,20
60,63,1.422183493412798,20
60,64,1.4257290469832078,20
60,65,1.4238223879252163,20
60,66,1.4217358852421191,20
60,67,1.4212643615575242,20
60,68,1.4205326446397022,20
60,69,1.4221479294929853,20
60,70,1.4246264270076412,20
60,71,1.4234330250949012,20
60,72,1.4225677181704999,20
60,73,1.420179899027247,20
60,74,1.4210314949813507,20
60,75,1.423786362361043,20
60,76,1.4210584393916754,20
60,77,1.4227994095386676,20
60,78,1.4212905312667639,20
60,79,1.4198304432526438,20
60,80,1.4217102257420962,20
60,81,1.419088025827521,20
60,82,1.4232115742447258,20
60,83,1.420320767196275,20
60,84,1.4209044755209268,20
60,85,1.4201957562863623,20
60,86,1.4238859946762774,20
60,87,1.4236213544281728,20
60,88,1.4222539045694385,20
60,89,1.4218733054835946,20
60,90,1.4216229648610745,20
60,91,1.4213115992271483,20
60,92,1.42307153157909,20
60,93,1.4200304556900538,20
60,94,1.4215382369902634,20
60,95,1.422465129614862,20
60,96,1.423240099703391,20
60,97,1.422897112517378,20
60,98,1.421638769808196,20
60,99,1.422478912981883,20
60,100,1.4225357736902695,20
